id,image_link,user_id,created_dat,insta_filter_used,photo_type,name,created_time,private/public,post_count,verified_status,hashtag_count,hashtags,total_likes,total_comments,followers_received,following_count,total_engagement,engagement_per_follower
1,http://elijah.biz,1,13-04-2023 08:04,yes,photo,Kenton_Kirlin,16-02-2017 18:22,yes,11,no,5,"concert, drunk, fun, party, smile",25,25,77,0,50,0.6493506493506493
2,https://shanon.org,1,13-04-2023 08:04,no,photo,Kenton_Kirlin,16-02-2017 18:22,yes,11,no,4,"beach, landscape, photography, sunrise",36,31,77,0,67,0.8701298701298701
3,http://vicky.biz,1,13-04-2023 08:04,no,photo,Kenton_Kirlin,16-02-2017 18:22,yes,11,no,1,beauty,38,27,77,0,65,0.8441558441558441
4,http://oleta.net,1,13-04-2023 08:04,no,photo,Kenton_Kirlin,16-02-2017 18:22,yes,11,no,4,"fun, happy, lol, smile",38,32,77,0,70,0.9090909090909091
5,https://jennings.biz,1,13-04-2023 08:04,yes,photo,Kenton_Kirlin,16-02-2017 18:22,yes,11,no,4,"fashion, hair, party, style",31,27,77,0,58,0.7532467532467533
6,https://quinn.biz,2,13-04-2023 08:04,yes,photo,Andre_Purdy85,02-04-2017 17:11,no,7,no,4,"drunk, fun, party, smile",31,29,76,99,60,0.7894736842105263
7,https://selina.name,2,13-04-2023 08:04,yes,photo,Andre_Purdy85,02-04-2017 17:11,no,7,no,4,"fun, happy, lol, smile",38,27,76,99,65,0.8552631578947368
8,http://malvina.org,2,13-04-2023 08:04,yes,photo,Andre_Purdy85,02-04-2017 17:11,no,7,no,4,"drunk, fun, party, smile",27,38,76,99,65,0.8552631578947368
9,https://branson.biz,2,13-04-2023 08:04,no,photo,Andre_Purdy85,02-04-2017 17:11,no,7,no,1,concert,31,25,76,99,56,0.7368421052631579
10,https://elenor.name,3,13-04-2023 08:04,yes,photo,Harley_Lind18,21-02-2017 11:12,no,2,no,1,photography,30,24,76,99,54,0.7105263157894737
11,https://marcelino.com,3,13-04-2023 08:04,no,video,Harley_Lind18,21-02-2017 11:12,no,2,no,3,"happy, lol, smile",33,27,76,99,60,0.7894736842105263
12,http://felicity.name,3,13-04-2023 08:04,no,photo,Harley_Lind18,21-02-2017 11:12,no,2,no,1,landscape,29,27,76,99,56,0.7368421052631579
13,https://fred.com,3,13-04-2023 08:04,no,photo,Harley_Lind18,21-02-2017 11:12,no,2,no,2,"drunk, fun",40,39,76,99,79,1.0394736842105263
14,https://gerhard.biz,4,13-04-2023 08:04,yes,photo,Arely_Bogan63,13-08-2016 01:28,yes,1,no,2,"beach, sunset",35,27,76,99,62,0.8157894736842105
15,https://sherwood.net,4,13-04-2023 08:04,yes,photo,Arely_Bogan63,13-08-2016 01:28,yes,1,no,0,,34,28,76,99,62,0.8157894736842105
16,https://maudie.org,4,13-04-2023 08:04,yes,photo,Arely_Bogan63,13-08-2016 01:28,yes,1,no,0,,37,22,76,99,59,0.7763157894736842
17,http://annamae.name,6,13-04-2023 08:04,yes,photo,Travon.Waters,30-04-2017 13:26,no,14,no,3,"concert, drunk, fun",36,23,76,99,59,0.7763157894736842
18,https://mac.org,6,13-04-2023 08:04,no,photo,Travon.Waters,30-04-2017 13:26,no,14,no,0,,31,27,76,99,58,0.7631578947368421
19,http://miracle.info,6,13-04-2023 08:04,yes,photo,Travon.Waters,30-04-2017 13:26,no,14,no,1,food,35,34,76,99,69,0.9078947368421053
20,http://emmet.com,6,13-04-2023 08:04,no,photo,Travon.Waters,30-04-2017 13:26,no,14,no,0,,35,26,76,99,61,0.8026315789473685
21,https://lisa.com,6,13-04-2023 08:04,no,video,Travon.Waters,30-04-2017 13:26,no,14,no,4,"beach, landscape, sunrise, sunset",36,29,76,99,65,0.8552631578947368
22,https://brooklyn.name,8,13-04-2023 08:04,no,video,Tabitha_Schamberger11,20-08-2016 02:19,yes,12,no,3,"delicious, food, foodie",28,34,76,99,62,0.8157894736842105
23,http://madison.net,8,13-04-2023 08:04,yes,video,Tabitha_Schamberger11,20-08-2016 02:19,yes,12,no,4,"concert, drunk, fun, smile",38,26,76,99,64,0.8421052631578947
24,http://annie.name,8,13-04-2023 08:04,yes,video,Tabitha_Schamberger11,20-08-2016 02:19,yes,12,no,3,"fun, happy, smile",35,26,76,99,61,0.8026315789473685
25,http://darron.info,8,13-04-2023 08:04,yes,video,Tabitha_Schamberger11,20-08-2016 02:19,yes,12,no,3,"beauty, dreamy, smile",36,33,76,99,69,0.9078947368421053
26,http://saige.com,9,13-04-2023 08:04,yes,video,Gus93,24-06-2016 19:36,yes,45,no,5,"beach, beauty, dreamy, smile, stunning",30,33,76,99,63,0.8289473684210527
27,https://reece.net,9,13-04-2023 08:04,no,carousel,Gus93,24-06-2016 19:36,yes,45,no,0,,31,27,76,99,58,0.7631578947368421
28,http://vance.org,9,13-04-2023 08:04,yes,carousel,Gus93,24-06-2016 19:36,yes,45,no,2,"dreamy, stunning",36,30,76,99,66,0.868421052631579
29,http://ignacio.net,9,13-04-2023 08:04,no,carousel,Gus93,24-06-2016 19:36,yes,45,no,4,"beach, beauty, smile, stunning",33,36,76,99,69,0.9078947368421053
30,http://kenny.com,10,13-04-2023 08:04,no,carousel,Presley_McClure,07-08-2016 16:25,no,370,no,3,"delicious, food, foodie",41,30,76,99,71,0.9342105263157895
31,http://remington.name,10,13-04-2023 08:04,no,carousel,Presley_McClure,07-08-2016 16:25,no,370,no,2,"delicious, food",31,34,76,99,65,0.8552631578947368
32,http://kurtis.info,10,13-04-2023 08:04,yes,photo,Presley_McClure,07-08-2016 16:25,no,370,no,5,"beach, beauty, dreamy, smile, stunning",33,26,76,99,59,0.7763157894736842
33,https://alisha.com,11,13-04-2023 08:04,yes,photo,Justina.Gaylord27,04-05-2017 16:32,no,1293,no,0,,29,33,76,99,62,0.8157894736842105
34,https://henderson.com,11,13-04-2023 08:04,yes,carousel,Justina.Gaylord27,04-05-2017 16:32,no,1293,no,3,"fun, happy, lol",32,25,76,99,57,0.75
35,http://bonnie.info,11,13-04-2023 08:04,yes,video,Justina.Gaylord27,04-05-2017 16:32,no,1293,no,3,"delicious, food, foodie",32,33,76,99,65,0.8552631578947368
36,http://kennith.net,11,13-04-2023 08:04,no,photo,Justina.Gaylord27,04-05-2017 16:32,no,1293,no,3,"delicious, food, foodie",35,29,76,99,64,0.8421052631578947
37,http://camille.name,11,13-04-2023 08:04,yes,photo,Justina.Gaylord27,04-05-2017 16:32,no,1293,no,3,"concert, fun, smile",38,27,76,99,65,0.8552631578947368
38,http://alena.net,12,13-04-2023 08:04,no,photo,Dereck65,19-01-2017 01:34,yes,11,no,2,"photography, sunrise",31,29,76,99,60,0.7894736842105263
39,http://ralph.name,12,13-04-2023 08:04,no,carousel,Dereck65,19-01-2017 01:34,yes,11,no,0,,34,29,76,99,63,0.8289473684210527
40,https://tyshawn.com,12,13-04-2023 08:04,no,video,Dereck65,19-01-2017 01:34,yes,11,no,0,,37,28,76,99,65,0.8552631578947368
41,https://adella.net,12,13-04-2023 08:04,yes,photo,Dereck65,19-01-2017 01:34,yes,11,no,0,,38,31,76,99,69,0.9078947368421053
42,https://cielo.info,13,13-04-2023 08:04,yes,photo,Alexandro35,29-03-2017 17:09,yes,7,no,0,,37,30,76,99,67,0.881578947368421
43,https://easter.net,13,13-04-2023 08:04,yes,photo,Alexandro35,29-03-2017 17:09,yes,7,no,3,"happy, lol, smile",37,31,76,99,68,0.8947368421052632
44,http://golden.org,13,13-04-2023 08:04,yes,carousel,Alexandro35,29-03-2017 17:09,yes,7,no,2,"beach, dreamy",39,26,76,99,65,0.8552631578947368
45,http://kendall.biz,13,13-04-2023 08:04,no,video,Alexandro35,29-03-2017 17:09,yes,7,no,2,"sunrise, sunset",34,29,76,99,63,0.8289473684210527
46,https://glenda.info,13,13-04-2023 08:04,yes,photo,Alexandro35,29-03-2017 17:09,yes,7,no,0,,34,32,76,99,66,0.868421052631579
47,http://dominic.biz,15,13-04-2023 08:04,no,photo,Billy52,05-10-2016 14:10,no,1,no,1,beach,30,24,76,99,54,0.7105263157894737
48,http://tressie.info,15,13-04-2023 08:04,no,photo,Billy52,05-10-2016 14:10,no,1,no,0,,35,28,76,99,63,0.8289473684210527
49,http://estevan.org,15,13-04-2023 08:04,no,carousel,Billy52,05-10-2016 14:10,no,1,no,2,"concert, smile",37,29,76,99,66,0.868421052631579
50,http://zena.com,15,13-04-2023 08:04,yes,video,Billy52,05-10-2016 14:10,no,1,no,1,food,27,34,76,99,61,0.8026315789473685
51,https://abagail.com,16,13-04-2023 08:04,yes,photo,Annalise.McKenzie16,02-08-2016 21:32,yes,3,no,3,"beach, beauty, smile",29,31,76,99,60,0.7894736842105263
52,https://hershel.com,16,13-04-2023 08:04,yes,photo,Annalise.McKenzie16,02-08-2016 21:32,yes,3,no,0,,41,30,76,99,71,0.9342105263157895
53,http://collin.com,16,13-04-2023 08:04,yes,photo,Annalise.McKenzie16,02-08-2016 21:32,yes,3,no,1,beauty,36,33,76,99,69,0.9078947368421053
54,https://clair.com,16,13-04-2023 08:04,no,carousel,Annalise.McKenzie16,02-08-2016 21:32,yes,3,no,0,,31,32,76,99,63,0.8289473684210527
55,https://deondre.com,17,13-04-2023 08:04,yes,video,Norbert_Carroll35,06-02-2017 22:05,yes,14,yes,1,happy,35,27,76,99,62,0.8157894736842105
56,http://tristin.name,17,13-04-2023 08:04,no,photo,Norbert_Carroll35,06-02-2017 22:05,yes,14,yes,1,lol,36,31,76,99,67,0.881578947368421
57,http://kirk.org,17,13-04-2023 08:04,no,photo,Norbert_Carroll35,06-02-2017 22:05,yes,14,yes,5,"concert, drunk, fun, party, smile",37,25,76,99,62,0.8157894736842105
58,https://modesta.info,18,13-04-2023 08:04,no,photo,Odessa2,21-10-2016 18:16,no,244,no,1,beauty,36,31,76,99,67,0.881578947368421
59,http://rylan.biz,19,13-04-2023 08:04,yes,carousel,Hailee26,29-04-2017 18:53,no,12,no,4,"beach, dreamy, smile, stunning",37,25,76,99,62,0.8157894736842105
60,https://noemie.com,19,13-04-2023 08:04,yes,video,Hailee26,29-04-2017 18:53,no,12,no,3,"fashion, hair, party",32,31,76,99,63,0.8289473684210527
61,https://dejon.name,20,13-04-2023 08:04,yes,photo,Delpha.Kihn,31-08-2016 02:42,yes,45,no,2,"beach, dreamy",41,24,76,99,65,0.8552631578947368
62,https://rigoberto.net,22,13-04-2023 08:04,yes,photo,Kenneth64,27-12-2016 09:48,no,1293,no,1,photography,39,31,76,99,70,0.9210526315789473
63,http://megane.biz,23,13-04-2023 08:04,no,photo,Eveline95,23-01-2017 23:14,no,2400,no,1,foodie,38,27,77,0,65,0.8441558441558441
64,http://emmalee.org,23,13-04-2023 08:04,yes,carousel,Eveline95,23-01-2017 23:14,no,2400,no,4,"fun, happy, lol, smile",34,30,77,0,64,0.8311688311688312
65,http://nathan.net,23,13-04-2023 08:04,no,video,Eveline95,23-01-2017 23:14,no,2400,no,2,"delicious, food",33,24,77,0,57,0.7402597402597403
66,http://lionel.net,23,13-04-2023 08:04,no,photo,Eveline95,23-01-2017 23:14,no,2400,no,2,"hair, party",39,28,77,0,67,0.8701298701298701
67,http://danyka.net,23,13-04-2023 08:04,no,photo,Eveline95,23-01-2017 23:14,no,2400,no,0,,35,29,77,0,64,0.8311688311688312
68,https://woodrow.com,23,13-04-2023 08:04,yes,photo,Eveline95,23-01-2017 23:14,no,2400,no,2,"lol, smile",34,30,77,0,64,0.8311688311688312
69,http://harvey.info,23,13-04-2023 08:04,yes,carousel,Eveline95,23-01-2017 23:14,no,2400,no,0,,38,24,77,0,62,0.8051948051948052
70,http://aiden.org,23,13-04-2023 08:04,yes,video,Eveline95,23-01-2017 23:14,no,2400,no,3,"happy, lol, smile",34,26,77,0,60,0.7792207792207793
71,https://tito.name,23,13-04-2023 08:04,yes,photo,Eveline95,23-01-2017 23:14,no,2400,no,3,"fashion, hair, style",37,26,77,0,63,0.8181818181818182
72,https://julian.net,23,13-04-2023 08:04,no,photo,Eveline95,23-01-2017 23:14,no,2400,no,3,"beach, beauty, smile",33,29,77,0,62,0.8051948051948052
73,https://mafalda.org,23,13-04-2023 08:04,yes,photo,Eveline95,23-01-2017 23:14,no,2400,no,2,"fun, smile",31,29,77,0,60,0.7792207792207793
74,http://verner.org,23,13-04-2023 08:04,no,carousel,Eveline95,23-01-2017 23:14,no,2400,no,2,"fashion, hair",34,27,77,0,61,0.7922077922077922
75,https://elmore.org,26,13-04-2023 08:04,no,video,Josianne.Friesen,07-06-2016 12:47,no,56,no,3,"beach, landscape, sunset",33,31,76,99,64,0.8421052631578947
76,http://kasandra.com,26,13-04-2023 08:04,no,photo,Josianne.Friesen,07-06-2016 12:47,no,56,no,2,"happy, lol",32,28,76,99,60,0.7894736842105263
77,https://jarret.info,26,13-04-2023 08:04,yes,photo,Josianne.Friesen,07-06-2016 12:47,no,56,no,0,,35,28,76,99,63,0.8289473684210527
78,http://einar.net,26,13-04-2023 08:04,yes,photo,Josianne.Friesen,07-06-2016 12:47,no,56,no,3,"fashion, hair, party",34,28,76,99,62,0.8157894736842105
79,http://terry.info,26,13-04-2023 08:04,yes,carousel,Josianne.Friesen,07-06-2016 12:47,no,56,no,3,"delicious, food, foodie",34,26,76,99,60,0.7894736842105263
80,https://holden.com,27,13-04-2023 08:04,yes,video,Darwin29,18-03-2017 03:10,no,78,yes,0,,35,29,76,99,64,0.8421052631578947
81,https://jacinto.org,28,13-04-2023 08:04,no,photo,Dario77,18-08-2016 07:15,yes,2,yes,0,,38,26,76,99,64,0.8421052631578947
82,https://geoffrey.info,28,13-04-2023 08:04,yes,photo,Dario77,18-08-2016 07:15,yes,2,yes,0,,35,27,76,99,62,0.8157894736842105
83,http://paxton.com,28,13-04-2023 08:04,no,photo,Dario77,18-08-2016 07:15,yes,2,yes,2,"sunrise, sunset",31,30,76,99,61,0.8026315789473685
84,https://trinity.biz,28,13-04-2023 08:04,no,carousel,Dario77,18-08-2016 07:15,yes,2,yes,3,"concert, fun, party",35,30,76,99,65,0.8552631578947368
85,http://fabiola.org,29,13-04-2023 08:04,no,video,Jaime53,11-09-2016 18:51,yes,1,no,3,"beach, sunrise, sunset",36,26,77,0,62,0.8051948051948052
86,https://bryce.org,29,13-04-2023 08:04,yes,photo,Jaime53,11-09-2016 18:51,yes,1,no,1,fun,34,28,77,0,62,0.8051948051948052
87,http://emery.net,29,13-04-2023 08:04,yes,photo,Jaime53,11-09-2016 18:51,yes,1,no,3,"fun, happy, smile",37,25,77,0,62,0.8051948051948052
88,https://marian.biz,29,13-04-2023 08:04,yes,photo,Jaime53,11-09-2016 18:51,yes,1,no,2,"concert, party",33,32,77,0,65,0.8441558441558441
89,https://kennedi.org,29,13-04-2023 08:04,yes,carousel,Jaime53,11-09-2016 18:51,yes,1,no,0,,32,32,77,0,64,0.8311688311688312
90,https://fanny.net,29,13-04-2023 08:04,no,video,Jaime53,11-09-2016 18:51,yes,1,no,2,"party, style",36,32,77,0,68,0.8831168831168831
91,http://lottie.net,29,13-04-2023 08:04,yes,photo,Jaime53,11-09-2016 18:51,yes,1,no,3,"landscape, sunrise, sunset",34,28,77,0,62,0.8051948051948052
92,http://lacy.biz,29,13-04-2023 08:04,no,photo,Jaime53,11-09-2016 18:51,yes,1,no,1,drunk,29,26,77,0,55,0.7142857142857143
93,https://jensen.name,30,13-04-2023 08:04,no,photo,Kaley9,23-09-2016 21:24,no,0,no,4,"concert, fun, party, smile",31,29,76,99,60,0.7894736842105263
94,http://virginia.org,30,13-04-2023 08:04,no,carousel,Kaley9,23-09-2016 21:24,no,0,no,5,"concert, drunk, fun, party, smile",34,30,76,99,64,0.8421052631578947
95,https://ariel.net,31,13-04-2023 08:04,yes,video,Aiyana_Hoeger,29-09-2016 20:28,no,12,no,5,"concert, drunk, fun, party, smile",28,35,76,99,63,0.8289473684210527
96,http://roger.info,32,13-04-2023 08:04,yes,photo,Irwin.Larson,26-08-2016 19:36,yes,45,no,2,"hair, party",32,26,76,99,58,0.7631578947368421
97,https://carolanne.com,32,13-04-2023 08:04,yes,photo,Irwin.Larson,26-08-2016 19:36,yes,45,no,3,"delicious, food, foodie",40,32,76,99,72,0.9473684210526315
98,https://margarita.info,32,13-04-2023 08:04,yes,photo,Irwin.Larson,26-08-2016 19:36,yes,45,no,4,"fashion, hair, party, style",34,28,76,99,62,0.8157894736842105
99,https://kayden.biz,32,13-04-2023 08:04,no,carousel,Irwin.Larson,26-08-2016 19:36,yes,45,no,0,,34,32,76,99,66,0.868421052631579
100,https://brook.com,33,13-04-2023 08:04,yes,video,Yvette.Gottlieb91,14-11-2016 12:32,yes,370,no,1,beach,39,27,76,99,66,0.868421052631579
101,https://gust.net,33,13-04-2023 08:04,no,photo,Yvette.Gottlieb91,14-11-2016 12:32,yes,370,no,2,"fashion, style",36,23,76,99,59,0.7763157894736842
102,http://bridie.name,33,13-04-2023 08:04,no,photo,Yvette.Gottlieb91,14-11-2016 12:32,yes,370,no,3,"fashion, hair, style",34,27,76,99,61,0.8026315789473685
103,http://barton.name,33,13-04-2023 08:04,no,photo,Yvette.Gottlieb91,14-11-2016 12:32,yes,370,no,1,food,35,30,76,99,65,0.8552631578947368
104,https://karina.biz,33,13-04-2023 08:04,yes,carousel,Yvette.Gottlieb91,14-11-2016 12:32,yes,370,no,0,,31,34,76,99,65,0.8552631578947368
105,https://mariam.com,35,13-04-2023 08:04,yes,video,Lennie_Hartmann40,30-03-2017 03:25,no,2400,no,0,,33,29,76,99,62,0.8157894736842105
106,https://trycia.com,35,13-04-2023 08:04,yes,photo,Lennie_Hartmann40,30-03-2017 03:25,no,2400,no,0,,36,24,76,99,60,0.7894736842105263
107,https://everette.biz,37,13-04-2023 08:04,yes,photo,Yazmin_Mills95,27-07-2016 00:56,yes,59,no,3,"happy, lol, smile",39,26,76,99,65,0.8552631578947368
108,http://boris.biz,38,13-04-2023 08:04,no,photo,Jordyn.Jacobson2,14-05-2016 07:56,no,56,no,1,lol,29,32,76,99,61,0.8026315789473685
109,http://arthur.name,38,13-04-2023 08:04,yes,carousel,Jordyn.Jacobson2,14-05-2016 07:56,no,56,no,3,"beauty, dreamy, stunning",33,28,76,99,61,0.8026315789473685
110,https://cesar.com,39,13-04-2023 08:04,no,video,Kelsi26,08-06-2016 17:48,no,78,no,1,photography,39,27,76,99,66,0.868421052631579
111,http://charlie.com,40,13-04-2023 08:04,no,photo,Rafael.Hickle2,19-05-2016 09:51,yes,2,no,4,"fashion, hair, party, style",33,26,76,99,59,0.7763157894736842
112,https://lina.biz,42,13-04-2023 08:04,no,photo,Maya.Farrell,11-12-2016 18:04,no,0,no,3,"beach, smile, stunning",35,31,76,99,66,0.868421052631579
113,https://darwin.net,42,13-04-2023 08:04,yes,photo,Maya.Farrell,11-12-2016 18:04,no,0,no,0,,36,30,76,99,66,0.868421052631579
114,https://aliyah.biz,42,13-04-2023 08:04,yes,carousel,Maya.Farrell,11-12-2016 18:04,no,0,no,0,,32,26,76,99,58,0.7631578947368421
115,http://euna.info,43,13-04-2023 08:04,yes,video,Janet.Armstrong,06-10-2016 07:57,no,11,yes,0,,31,31,76,99,62,0.8157894736842105
116,https://maymie.net,43,13-04-2023 08:04,yes,photo,Janet.Armstrong,06-10-2016 07:57,no,11,yes,1,delicious,36,33,76,99,69,0.9078947368421053
117,http://joanie.name,43,13-04-2023 08:04,no,photo,Janet.Armstrong,06-10-2016 07:57,no,11,yes,1,smile,35,27,76,99,62,0.8157894736842105
118,http://whitney.net,43,13-04-2023 08:04,yes,photo,Janet.Armstrong,06-10-2016 07:57,no,11,yes,3,"beach, landscape, sunset",39,35,76,99,74,0.9736842105263158
119,http://garrison.name,43,13-04-2023 08:04,no,carousel,Janet.Armstrong,06-10-2016 07:57,no,11,yes,0,,39,28,76,99,67,0.881578947368421
120,https://olga.org,44,13-04-2023 08:04,no,video,Seth46,07-07-2016 11:40,yes,7,no,3,"drunk, party, smile",37,29,76,99,66,0.868421052631579
121,https://donavon.org,44,13-04-2023 08:04,no,photo,Seth46,07-07-2016 11:40,yes,7,no,4,"fun, happy, lol, smile",34,31,76,99,65,0.8552631578947368
122,http://moses.biz,44,13-04-2023 08:04,yes,photo,Seth46,07-07-2016 11:40,yes,7,no,1,hair,33,27,76,99,60,0.7894736842105263
123,http://shannon.org,44,13-04-2023 08:04,yes,photo,Seth46,07-07-2016 11:40,yes,7,no,3,"hair, party, style",42,31,76,99,73,0.9605263157894737
124,http://kendrick.net,46,13-04-2023 08:04,yes,carousel,Malinda_Streich,09-07-2016 21:37,no,1,no,3,"fashion, hair, party",34,33,76,99,67,0.881578947368421
125,https://carey.com,46,13-04-2023 08:04,yes,video,Malinda_Streich,09-07-2016 21:37,no,1,no,2,"happy, lol",33,27,76,99,60,0.7894736842105263
126,http://lia.biz,46,13-04-2023 08:04,no,photo,Malinda_Streich,09-07-2016 21:37,no,1,no,3,"landscape, photography, sunrise",35,31,76,99,66,0.868421052631579
127,https://celestine.name,46,13-04-2023 08:04,yes,photo,Malinda_Streich,09-07-2016 21:37,no,1,no,1,smile,43,30,76,99,73,0.9605263157894737
128,http://laila.info,47,13-04-2023 08:04,no,photo,Harrison.Beatty50,02-09-2016 03:48,no,3,no,0,,34,32,76,99,66,0.868421052631579
129,http://buddy.com,47,13-04-2023 08:04,no,carousel,Harrison.Beatty50,02-09-2016 03:48,no,3,no,0,,29,23,76,99,52,0.6842105263157895
130,http://americo.biz,47,13-04-2023 08:04,no,video,Harrison.Beatty50,02-09-2016 03:48,no,3,no,0,,29,35,76,99,64,0.8421052631578947
131,http://lurline.info,47,13-04-2023 08:04,yes,photo,Harrison.Beatty50,02-09-2016 03:48,no,3,no,1,food,29,26,76,99,55,0.7236842105263158
132,http://kailee.org,47,13-04-2023 08:04,yes,photo,Harrison.Beatty50,02-09-2016 03:48,no,3,no,5,"concert, drunk, fun, party, smile",30,30,76,99,60,0.7894736842105263
133,https://edyth.com,48,13-04-2023 08:04,yes,photo,Granville_Kutch,26-06-2016 03:10,yes,14,no,4,"fashion, hair, party, style",37,34,76,99,71,0.9342105263157895
134,https://isaias.biz,50,13-04-2023 08:04,yes,carousel,Gerard79,23-08-2016 19:47,no,12,no,4,"fun, happy, lol, smile",34,24,76,99,58,0.7631578947368421
135,http://rosetta.net,50,13-04-2023 08:04,no,video,Gerard79,23-08-2016 19:47,no,12,no,1,party,29,30,76,99,59,0.7763157894736842
136,https://marianna.info,50,13-04-2023 08:04,yes,photo,Gerard79,23-08-2016 19:47,no,12,no,5,"beach, beauty, dreamy, smile, stunning",35,34,76,99,69,0.9078947368421053
137,https://roel.org,51,13-04-2023 08:04,no,photo,Mariano_Koch3,17-04-2017 14:14,no,45,no,4,"fun, happy, lol, smile",35,29,77,0,64,0.8311688311688312
138,http://julia.info,51,13-04-2023 08:04,no,photo,Mariano_Koch3,17-04-2017 14:14,no,45,no,3,"beach, dreamy, stunning",34,28,77,0,62,0.8051948051948052
139,https://seamus.org,51,13-04-2023 08:04,no,carousel,Mariano_Koch3,17-04-2017 14:14,no,45,no,1,food,27,26,77,0,53,0.6883116883116883
140,https://earline.info,51,13-04-2023 08:04,yes,video,Mariano_Koch3,17-04-2017 14:14,no,45,no,2,"happy, lol",33,31,77,0,64,0.8311688311688312
141,http://quinten.info,51,13-04-2023 08:04,yes,photo,Mariano_Koch3,17-04-2017 14:14,no,45,no,1,party,34,28,77,0,62,0.8051948051948052
142,https://dolores.org,52,13-04-2023 08:04,yes,photo,Zack_Kemmer93,01-01-2017 05:58,yes,370,no,2,"beach, smile",32,28,76,99,60,0.7894736842105263
143,https://aimee.info,52,13-04-2023 08:04,yes,photo,Zack_Kemmer93,01-01-2017 05:58,yes,370,no,0,,30,36,76,99,66,0.868421052631579
144,https://roderick.name,52,13-04-2023 08:04,no,carousel,Zack_Kemmer93,01-01-2017 05:58,yes,370,no,0,,39,23,76,99,62,0.8157894736842105
145,https://jarret.name,52,13-04-2023 08:04,yes,video,Zack_Kemmer93,01-01-2017 05:58,yes,370,no,5,"concert, drunk, fun, party, smile",48,27,76,99,75,0.9868421052631579
146,https://cathrine.com,52,13-04-2023 08:04,no,photo,Zack_Kemmer93,01-01-2017 05:58,yes,370,no,0,,33,37,76,99,70,0.9210526315789473
147,https://adela.com,55,13-04-2023 08:04,no,photo,Meggie_Doyle,04-04-2017 12:17,no,7,no,1,food,41,34,76,99,75,0.9868421052631579
148,https://demarco.com,56,13-04-2023 08:04,no,photo,Peter.Stehr0,22-08-2016 18:05,yes,2,no,1,lol,33,28,76,99,61,0.8026315789473685
149,https://lila.biz,58,13-04-2023 08:04,yes,carousel,Aurelie71,31-05-2016 06:20,no,3,no,4,"beach, landscape, photography, sunset",34,32,77,0,66,0.8571428571428571
150,http://ruben.net,58,13-04-2023 08:04,yes,video,Aurelie71,31-05-2016 06:20,no,3,no,0,,38,27,77,0,65,0.8441558441558441
151,https://alia.name,58,13-04-2023 08:04,yes,photo,Aurelie71,31-05-2016 06:20,no,3,no,0,,32,30,77,0,62,0.8051948051948052
152,http://rickey.name,58,13-04-2023 08:04,yes,photo,Aurelie71,31-05-2016 06:20,no,3,no,4,"fashion, hair, party, style",33,29,77,0,62,0.8051948051948052
153,http://janie.com,58,13-04-2023 08:04,no,photo,Aurelie71,31-05-2016 06:20,no,3,no,4,"fashion, hair, party, style",40,32,77,0,72,0.935064935064935
154,http://myron.org,58,13-04-2023 08:04,yes,carousel,Aurelie71,31-05-2016 06:20,no,3,no,1,smile,34,34,77,0,68,0.8831168831168831
155,http://pearl.info,58,13-04-2023 08:04,no,video,Aurelie71,31-05-2016 06:20,no,3,no,5,"beach, beauty, dreamy, smile, stunning",38,27,77,0,65,0.8441558441558441
156,http://victoria.biz,58,13-04-2023 08:04,no,photo,Aurelie71,31-05-2016 06:20,no,3,no,2,"food, foodie",31,31,77,0,62,0.8051948051948052
157,https://carmella.com,59,13-04-2023 08:04,no,photo,Cesar93,18-10-2016 16:42,no,14,no,4,"fun, happy, lol, smile",33,39,77,0,72,0.935064935064935
158,http://leo.com,59,13-04-2023 08:04,yes,photo,Cesar93,18-10-2016 16:42,no,14,no,1,hair,35,32,77,0,67,0.8701298701298701
159,http://jedediah.net,59,13-04-2023 08:04,yes,carousel,Cesar93,18-10-2016 16:42,no,14,no,1,food,31,27,77,0,58,0.7532467532467533
160,http://sedrick.net,59,13-04-2023 08:04,yes,video,Cesar93,18-10-2016 16:42,no,14,no,1,food,31,31,77,0,62,0.8051948051948052
161,https://clare.org,59,13-04-2023 08:04,yes,photo,Cesar93,18-10-2016 16:42,no,14,no,1,lol,40,31,77,0,71,0.922077922077922
162,https://malcolm.name,59,13-04-2023 08:04,no,photo,Cesar93,18-10-2016 16:42,no,14,no,3,"hair, party, style",38,28,77,0,66,0.8571428571428571
163,https://lesly.com,59,13-04-2023 08:04,yes,photo,Cesar93,18-10-2016 16:42,no,14,no,3,"drunk, fun, smile",33,33,77,0,66,0.8571428571428571
164,https://roberta.net,59,13-04-2023 08:04,no,carousel,Cesar93,18-10-2016 16:42,no,14,no,0,,32,31,77,0,63,0.8181818181818182
165,https://estell.info,59,13-04-2023 08:04,no,video,Cesar93,18-10-2016 16:42,no,14,no,0,,29,26,77,0,55,0.7142857142857143
166,http://kaleigh.biz,59,13-04-2023 08:04,no,photo,Cesar93,18-10-2016 16:42,no,14,no,2,"fun, party",36,30,77,0,66,0.8571428571428571
167,http://blanca.org,60,13-04-2023 08:04,yes,photo,Sam52,30-03-2017 22:03,yes,244,no,0,,31,29,76,99,60,0.7894736842105263
168,http://delpha.com,60,13-04-2023 08:04,yes,photo,Sam52,30-03-2017 22:03,yes,244,no,2,"food, foodie",32,29,76,99,61,0.8026315789473685
169,http://annabelle.org,61,13-04-2023 08:04,yes,carousel,Jayson65,14-10-2016 19:10,yes,12,no,1,happy,38,28,76,99,66,0.868421052631579
170,http://ephraim.com,62,13-04-2023 08:04,yes,video,Ressie_Stanton46,20-12-2016 15:09,no,45,no,0,,34,28,76,99,62,0.8157894736842105
171,https://dameon.name,62,13-04-2023 08:04,no,photo,Ressie_Stanton46,20-12-2016 15:09,no,45,no,5,"beach, beauty, dreamy, smile, stunning",36,34,76,99,70,0.9210526315789473
172,https://julianne.org,63,13-04-2023 08:04,yes,photo,Elenor88,08-05-2016 01:30,no,370,no,3,"fashion, hair, style",32,29,76,99,61,0.8026315789473685
173,https://jasmin.biz,63,13-04-2023 08:04,no,photo,Elenor88,08-05-2016 01:30,no,370,no,3,"fashion, hair, party",34,29,76,99,63,0.8289473684210527
174,https://delbert.net,63,13-04-2023 08:04,no,carousel,Elenor88,08-05-2016 01:30,no,370,no,1,food,41,30,76,99,71,0.9342105263157895
175,https://norval.com,63,13-04-2023 08:04,no,video,Elenor88,08-05-2016 01:30,no,370,no,2,"concert, party",28,35,76,99,63,0.8289473684210527
176,https://jessy.name,64,13-04-2023 08:04,yes,photo,Florence99,06-10-2016 23:08,yes,1293,yes,0,,33,35,77,0,68,0.8831168831168831
177,https://nolan.name,64,13-04-2023 08:04,yes,photo,Florence99,06-10-2016 23:08,yes,1293,yes,2,"hair, party",36,27,77,0,63,0.8181818181818182
178,http://devon.info,64,13-04-2023 08:04,yes,photo,Florence99,06-10-2016 23:08,yes,1293,yes,1,fashion,37,33,77,0,70,0.9090909090909091
179,http://ora.net,64,13-04-2023 08:04,yes,carousel,Florence99,06-10-2016 23:08,yes,1293,yes,0,,30,21,77,0,51,0.6623376623376623
180,https://vivien.com,64,13-04-2023 08:04,no,video,Florence99,06-10-2016 23:08,yes,1293,yes,0,,39,29,77,0,68,0.8831168831168831
181,https://hilda.info,65,13-04-2023 08:04,yes,photo,Adelle96,01-10-2016 00:37,yes,2400,no,2,"delicious, food",35,31,76,99,66,0.868421052631579
182,https://dorcas.biz,65,13-04-2023 08:04,no,photo,Adelle96,01-10-2016 00:37,yes,2400,no,4,"beach, beauty, dreamy, smile",43,28,76,99,71,0.9342105263157895
183,http://hettie.net,65,13-04-2023 08:04,no,photo,Adelle96,01-10-2016 00:37,yes,2400,no,1,food,38,30,76,99,68,0.8947368421052632
184,http://rico.biz,65,13-04-2023 08:04,no,carousel,Adelle96,01-10-2016 00:37,yes,2400,no,3,"fun, happy, smile",30,24,76,99,54,0.7105263157894737
185,http://jody.biz,65,13-04-2023 08:04,yes,video,Adelle96,01-10-2016 00:37,yes,2400,no,5,"beach, beauty, dreamy, smile, stunning",33,29,76,99,62,0.8157894736842105
186,http://sheila.com,67,13-04-2023 08:04,yes,photo,Emilio_Bernier52,06-05-2016 13:04,no,59,no,0,,36,27,76,99,63,0.8289473684210527
187,http://germaine.name,67,13-04-2023 08:04,yes,photo,Emilio_Bernier52,06-05-2016 13:04,no,59,no,0,,31,33,76,99,64,0.8421052631578947
188,https://mariane.org,67,13-04-2023 08:04,yes,photo,Emilio_Bernier52,06-05-2016 13:04,no,59,no,3,"fun, lol, smile",30,27,76,99,57,0.75
189,http://reva.com,69,13-04-2023 08:04,no,carousel,Karley_Bosco,24-06-2016 23:38,yes,78,no,3,"beach, beauty, dreamy",36,32,76,99,68,0.8947368421052632
190,https://llewellyn.info,70,13-04-2023 08:04,yes,video,Erick5,05-04-2017 23:44,no,2,no,2,"concert, party",36,29,76,99,65,0.8552631578947368
191,http://ellen.info,72,13-04-2023 08:04,no,photo,Kathryn80,11-10-2016 09:01,yes,12,no,2,"food, foodie",31,30,76,99,61,0.8026315789473685
192,https://anahi.info,72,13-04-2023 08:04,no,photo,Kathryn80,11-10-2016 09:01,yes,12,no,0,,41,29,76,99,70,0.9210526315789473
193,https://javonte.org,72,13-04-2023 08:04,no,photo,Kathryn80,11-10-2016 09:01,yes,12,no,0,,30,26,76,99,56,0.7368421052631579
194,http://florine.org,72,13-04-2023 08:04,yes,carousel,Kathryn80,11-10-2016 09:01,yes,12,no,1,sunset,29,30,76,99,59,0.7763157894736842
195,http://marcellus.info,72,13-04-2023 08:04,yes,video,Kathryn80,11-10-2016 09:01,yes,12,no,0,,26,33,76,99,59,0.7763157894736842
196,http://stan.biz,73,13-04-2023 08:04,yes,photo,Jaylan.Lakin,10-06-2016 23:58,yes,3,no,0,,38,35,76,99,73,0.9605263157894737
197,http://jarred.net,77,13-04-2023 08:04,yes,photo,Donald.Fritsch,07-01-2017 10:05,yes,2,no,4,"concert, drunk, fun, smile",38,24,77,0,62,0.8051948051948052
198,http://jovanny.net,77,13-04-2023 08:04,no,photo,Donald.Fritsch,07-01-2017 10:05,yes,2,no,0,,37,32,77,0,69,0.8961038961038961
199,http://linnie.com,77,13-04-2023 08:04,yes,carousel,Donald.Fritsch,07-01-2017 10:05,yes,2,no,2,"fun, lol",39,23,77,0,62,0.8051948051948052
200,http://dino.name,77,13-04-2023 08:04,no,video,Donald.Fritsch,07-01-2017 10:05,yes,2,no,0,,34,35,77,0,69,0.8961038961038961
201,https://jane.net,77,13-04-2023 08:04,no,photo,Donald.Fritsch,07-01-2017 10:05,yes,2,no,5,"beach, landscape, photography, sunrise, sunset",39,33,77,0,72,0.935064935064935
202,http://laney.name,77,13-04-2023 08:04,no,photo,Donald.Fritsch,07-01-2017 10:05,yes,2,no,4,"concert, drunk, party, smile",31,27,77,0,58,0.7532467532467533
203,http://trever.org,78,13-04-2023 08:04,yes,photo,Colten.Harris76,10-10-2016 02:38,no,1,no,3,"concert, drunk, party",37,30,76,99,67,0.881578947368421
204,http://emilie.net,78,13-04-2023 08:04,yes,carousel,Colten.Harris76,10-10-2016 02:38,no,1,no,0,,35,28,76,99,63,0.8289473684210527
205,http://ted.info,78,13-04-2023 08:04,yes,video,Colten.Harris76,10-10-2016 02:38,no,1,no,3,"concert, party, smile",39,24,76,99,63,0.8289473684210527
206,http://keshawn.org,78,13-04-2023 08:04,yes,photo,Colten.Harris76,10-10-2016 02:38,no,1,no,1,style,35,32,76,99,67,0.881578947368421
207,http://ole.info,78,13-04-2023 08:04,no,photo,Colten.Harris76,10-10-2016 02:38,no,1,no,2,"fun, smile",31,29,76,99,60,0.7894736842105263
208,https://ford.biz,79,13-04-2023 08:04,yes,photo,Katarina.Dibbert,03-11-2016 13:14,no,0,no,2,"beach, landscape",29,30,76,99,59,0.7763157894736842
209,https://humberto.org,82,13-04-2023 08:04,no,carousel,Aracely.Johnston98,25-07-2016 18:49,no,59,no,3,"beach, photography, sunrise",34,27,76,99,61,0.8026315789473685
210,http://penelope.info,82,13-04-2023 08:04,no,video,Aracely.Johnston98,25-07-2016 18:49,no,59,no,2,"photography, sunset",38,34,76,99,72,0.9473684210526315
211,https://dimitri.info,84,13-04-2023 08:04,no,photo,Alysa22,01-01-2017 17:44,yes,78,no,2,"concert, fun",36,24,76,99,60,0.7894736842105263
212,http://cynthia.info,84,13-04-2023 08:04,yes,photo,Alysa22,01-01-2017 17:44,yes,78,no,4,"beach, beauty, smile, stunning",37,31,76,99,68,0.8947368421052632
213,http://princess.org,85,13-04-2023 08:04,yes,photo,Milford_Gleichner42,30-04-2017 07:50,yes,2,no,0,,35,27,76,99,62,0.8157894736842105
214,https://ruthie.info,85,13-04-2023 08:04,yes,carousel,Milford_Gleichner42,30-04-2017 07:50,yes,2,no,4,"fashion, hair, party, style",29,24,76,99,53,0.6973684210526315
215,https://evan.name,86,13-04-2023 08:04,yes,video,Delfina_VonRueden68,21-03-2017 12:02,no,1,no,0,,29,33,77,0,62,0.8051948051948052
216,http://deontae.org,86,13-04-2023 08:04,no,photo,Delfina_VonRueden68,21-03-2017 12:02,no,1,no,2,"sunrise, sunset",30,33,77,0,63,0.8181818181818182
217,https://timmy.info,86,13-04-2023 08:04,yes,photo,Delfina_VonRueden68,21-03-2017 12:02,no,1,no,0,,34,34,77,0,68,0.8831168831168831
218,http://susie.info,86,13-04-2023 08:04,no,photo,Delfina_VonRueden68,21-03-2017 12:02,no,1,no,2,"beach, beauty",32,30,77,0,62,0.8051948051948052
219,http://hollis.com,86,13-04-2023 08:04,no,carousel,Delfina_VonRueden68,21-03-2017 12:02,no,1,no,5,"concert, drunk, fun, party, smile",32,31,77,0,63,0.8181818181818182
220,https://colt.org,86,13-04-2023 08:04,no,video,Delfina_VonRueden68,21-03-2017 12:02,no,1,no,4,"beach, landscape, photography, sunrise",33,25,77,0,58,0.7532467532467533
221,http://lucio.org,86,13-04-2023 08:04,yes,photo,Delfina_VonRueden68,21-03-2017 12:02,no,1,no,3,"fun, happy, smile",34,30,77,0,64,0.8311688311688312
222,http://germaine.org,86,13-04-2023 08:04,yes,photo,Delfina_VonRueden68,21-03-2017 12:02,no,1,no,1,delicious,36,25,77,0,61,0.7922077922077922
223,http://howard.net,86,13-04-2023 08:04,yes,photo,Delfina_VonRueden68,21-03-2017 12:02,no,1,no,0,,25,32,77,0,57,0.7402597402597403
224,http://helena.name,87,13-04-2023 08:04,yes,carousel,Rick29,24-02-2017 11:25,no,12,no,0,,31,29,76,99,60,0.7894736842105263
225,https://celestino.name,87,13-04-2023 08:04,no,video,Rick29,24-02-2017 11:25,no,12,no,1,delicious,37,36,76,99,73,0.9605263157894737
226,http://violet.info,87,13-04-2023 08:04,yes,photo,Rick29,24-02-2017 11:25,no,12,no,4,"fun, happy, lol, smile",33,32,76,99,65,0.8552631578947368
227,http://nigel.biz,87,13-04-2023 08:04,no,photo,Rick29,24-02-2017 11:25,no,12,no,5,"beach, landscape, photography, sunrise, sunset",39,35,76,99,74,0.9736842105263158
228,https://noble.net,88,13-04-2023 08:04,no,photo,Clint27,02-06-2016 21:40,yes,3,yes,1,beach,31,26,77,0,57,0.7402597402597403
229,https://emilia.org,88,13-04-2023 08:04,no,carousel,Clint27,02-06-2016 21:40,yes,3,yes,0,,32,29,77,0,61,0.7922077922077922
230,http://destini.net,88,13-04-2023 08:04,yes,video,Clint27,02-06-2016 21:40,yes,3,yes,5,"beach, beauty, dreamy, smile, stunning",37,22,77,0,59,0.7662337662337663
231,https://mariano.net,88,13-04-2023 08:04,yes,photo,Clint27,02-06-2016 21:40,yes,3,yes,3,"landscape, sunrise, sunset",34,26,77,0,60,0.7792207792207793
232,https://brittany.org,88,13-04-2023 08:04,yes,photo,Clint27,02-06-2016 21:40,yes,3,yes,5,"beach, beauty, dreamy, smile, stunning",35,30,77,0,65,0.8441558441558441
233,https://madaline.name,88,13-04-2023 08:04,yes,photo,Clint27,02-06-2016 21:40,yes,3,yes,4,"beach, photography, sunrise, sunset",34,29,77,0,63,0.8181818181818182
234,https://devonte.name,88,13-04-2023 08:04,no,carousel,Clint27,02-06-2016 21:40,yes,3,yes,0,,35,32,77,0,67,0.8701298701298701
235,https://blanche.net,88,13-04-2023 08:04,yes,video,Clint27,02-06-2016 21:40,yes,3,yes,1,dreamy,34,26,77,0,60,0.7792207792207793
236,http://cali.net,88,13-04-2023 08:04,no,photo,Clint27,02-06-2016 21:40,yes,3,yes,0,,30,26,77,0,56,0.7272727272727273
237,http://mekhi.name,88,13-04-2023 08:04,no,photo,Clint27,02-06-2016 21:40,yes,3,yes,2,"beach, dreamy",32,23,77,0,55,0.7142857142857143
238,http://adela.com,88,13-04-2023 08:04,no,photo,Clint27,02-06-2016 21:40,yes,3,yes,5,"beach, landscape, photography, sunrise, sunset",27,30,77,0,57,0.7402597402597403
239,https://devan.com,92,13-04-2023 08:04,yes,carousel,Frederik_Rice,06-07-2016 21:56,yes,2,no,3,"concert, party, smile",31,35,76,99,66,0.868421052631579
240,https://jarrett.name,92,13-04-2023 08:04,yes,video,Frederik_Rice,06-07-2016 21:56,yes,2,no,2,"beach, landscape",30,28,76,99,58,0.7631578947368421
241,https://sid.biz,92,13-04-2023 08:04,yes,photo,Frederik_Rice,06-07-2016 21:56,yes,2,no,0,,37,29,76,99,66,0.868421052631579
242,https://jadyn.name,93,13-04-2023 08:04,yes,photo,Willie_Leuschke,15-02-2017 01:40,yes,1,no,4,"beach, landscape, photography, sunset",33,28,76,99,61,0.8026315789473685
243,https://erik.com,93,13-04-2023 08:04,no,photo,Willie_Leuschke,15-02-2017 01:40,yes,1,no,1,sunset,35,29,76,99,64,0.8421052631578947
244,http://freeda.biz,94,13-04-2023 08:04,yes,carousel,Damon35,31-10-2016 14:44,no,0,yes,3,"delicious, food, foodie",40,28,76,99,68,0.8947368421052632
245,http://ayden.name,95,13-04-2023 08:04,no,video,Nicole71,09-05-2016 17:30,no,9,no,0,,33,26,76,99,59,0.7763157894736842
246,https://kathleen.biz,95,13-04-2023 08:04,no,photo,Nicole71,09-05-2016 17:30,no,9,no,0,,31,29,76,99,60,0.7894736842105263
247,https://helmer.org,96,13-04-2023 08:04,no,photo,Keenan.Schamberger60,28-08-2016 14:57,yes,687,no,2,"fashion, style",28,39,76,99,67,0.881578947368421
248,https://maggie.info,96,13-04-2023 08:04,yes,photo,Keenan.Schamberger60,28-08-2016 14:57,yes,687,no,2,"dreamy, stunning",37,25,76,99,62,0.8157894736842105
249,https://cecilia.net,96,13-04-2023 08:04,yes,carousel,Keenan.Schamberger60,28-08-2016 14:57,yes,687,no,2,"delicious, food",34,34,76,99,68,0.8947368421052632
250,http://ayla.org,97,13-04-2023 08:04,yes,video,Tomas.Beatty93,11-02-2017 11:38,yes,92,no,3,"fashion, hair, style",31,23,76,99,54,0.7105263157894737
251,https://elyssa.biz,97,13-04-2023 08:04,yes,photo,Tomas.Beatty93,11-02-2017 11:38,yes,92,no,1,lol,28,24,76,99,52,0.6842105263157895
252,http://jennie.com,98,13-04-2023 08:04,no,photo,Imani_Nicolas17,31-01-2017 22:59,no,123,no,0,,34,24,76,99,58,0.7631578947368421
253,http://ryleigh.info,99,13-04-2023 08:04,yes,photo,Alek_Watsica,10-12-2016 07:43,no,232,no,1,delicious,32,26,76,99,58,0.7631578947368421
254,https://darien.name,99,13-04-2023 08:04,no,carousel,Alek_Watsica,10-12-2016 07:43,no,232,no,4,"beach, landscape, photography, sunrise",31,26,76,99,57,0.75
255,https://xzavier.org,99,13-04-2023 08:04,no,video,Alek_Watsica,10-12-2016 07:43,no,232,no,0,,33,29,76,99,62,0.8157894736842105
256,https://kaela.name,100,13-04-2023 08:04,no,photo,Javonte83,27-03-2017 22:06,yes,32,yes,0,,41,29,76,99,70,0.9210526315789473
257,http://dedrick.info,100,13-04-2023 08:04,yes,photo,Javonte83,27-03-2017 22:06,yes,32,yes,3,"concert, drunk, fun",36,24,76,99,60,0.7894736842105263
